{
    "sensor_scalar": 0.0008445028583528493,
    "sensor_offset": -9.291104439186581
  }